Time (%),Total Time (ns),Instances,Avg (ns),Med (ns),Min (ns),Max (ns),StdDev (ns),Category,Operation
28.5,4968187189,131072,37904.3,37888.0,37216,51168,223.0,CUDA_KERNEL,"void imp::gemv_dp4a_gate_up_kernel<imp::DequantTraits<(imp::DPQTag)1>, (int)2>(const unsigned char *, const unsigned char *, const imp::block_q8_1 *, const float *, __half *, __half *, int, int)"
15.2,2646528842,163840,16153.1,17791.0,8640,20288,3524.3,CUDA_KERNEL,"void imp::gemv_dp4a_kpar_kernel<imp::DequantTraits<(imp::DPQTag)1>, (bool)1>(const unsigned char *, const imp::block_q8_1 *, const float *, __half *, const __half *, int, int)"
11.4,1996272038,98304,20307.1,20288.0,19040,22432,412.3,CUDA_KERNEL,"void imp::gemv_dp4a_kernel<imp::DequantTraits<(imp::DPQTag)1>, (int)2, (bool)0>(const unsigned char *, const imp::block_q8_1 *, const float *, __half *, const __half *, int, int)"
10.2,1783889092,4099,435201.0,435039.0,432926,452414,998.1,CUDA_KERNEL,"void imp::gemv_dp4a_fp32_kernel<imp::DequantTraits<(imp::DPQTag)1>, (int)2>(const unsigned char *, const imp::block_q8_1 *, const float *, float *, int, int)"
9.8,1716404424,196608,8730.1,8736.0,8095,333023,970.0,CUDA_KERNEL,"void imp::gemv_dp4a_kpar_kernel<imp::DequantTraits<(imp::DPQTag)1>, (bool)0>(const unsigned char *, const imp::block_q8_1 *, const float *, __half *, const __half *, int, int)"
4.1,713912612,196608,3631.1,3616.0,3296,4288,116.3,CUDA_KERNEL,"void imp::gemv_dp4a_kernel<imp::DequantTraits<(imp::DPQTag)1>, (int)1, (bool)0>(const unsigned char *, const imp::block_q8_1 *, const float *, __half *, const __half *, int, int)"
2.9,498127228,98376,5063.5,4832.0,4608,351583,8059.1,CUDA_KERNEL,"void imp::gdn_scan_fused_kernel<(int)128, (int)128, __half>(const float *, const __half *, const __half *, const float *, const float *, float *, T3 *, int, int, int, int, int)"
2.6,456125105,32768,13919.8,16000.0,9344,19488,3394.7,CUDA_KERNEL,"void imp::paged_attention_splitk_pipeline_kernel<(int)256>(const __half *, const __half *, const __half *, float *, const int *, const int *, int, int, int, int, float, int, int, int, int, float)"
2.3,396660851,135171,2934.5,2944.0,2592,4000,95.9,CUDA_KERNEL,"imp::rmsnorm_quantize_q8_1_kernel(const __half *, const __half *, imp::block_q8_1 *, float *, __half *, int, float, float)"
2.1,363956350,524288,694.2,672.0,639,1728,36.0,CUDA_KERNEL,"void imp::fused_act_quantize_q8_1_kernel<imp::IdentityAct>(const __half *, const __half *, imp::block_q8_1 *, float *, int, T1)"
1.8,306338102,32768,9348.7,9344.0,8575,10592,263.9,CUDA_KERNEL,"void imp::gemv_nvfp4_multirow_kernel<(int)8>(const unsigned char *, const unsigned char *, float, const __half *, __half *, int, int)"
1.2,204517682,131312,1557.5,1536.0,1407,7392,105.8,CUDA_KERNEL,"imp::rmsnorm_fp16_kernel(const __half *, const __half *, __half *, int, float, float)"
1.1,194300123,98304,1976.5,1952.0,1728,2528,89.9,CUDA_KERNEL,"imp::ssm_conv1d_decode_f32_silu_kernel(float *, const __half *, const __half *, const __half *, float *, int, int)"
1.0,177269006,295144,600.6,608.0,543,4608,56.2,MEMORY_OPER,[CUDA memcpy Device-to-Device]
0.9,159158414,119577,1331.0,256.0,223,2932273,29306.2,MEMORY_OPER,[CUDA memcpy Host-to-Device]
0.9,151396896,65536,2310.1,2304.0,2111,3168,133.2,CUDA_KERNEL,"imp::gemv_nvfp4_kpar_kernel(const unsigned char *, const unsigned char *, float, const __half *, __half *, int, int)"
0.7,128200992,98376,1303.2,1312.0,1152,5568,120.2,CUDA_KERNEL,"imp::gdn_rmsnorm_gated_silu_kernel(__half *, const __half *, const __half *, float, int, int)"
0.7,114860479,32768,3505.3,3488.0,3136,4032,100.4,CUDA_KERNEL,"imp::qknorm_rope_fused_fp16_kernel(__half *, __half *, const __half *, const __half *, const int *, int, int, int, float, float, float, int, bool, float, float, float, float, float, const float *)"
0.6,100008191,131072,763.0,768.0,703,1920,38.8,CUDA_KERNEL,"void imp::fused_act_quantize_q8_1_kernel<imp::SwiGLUAct>(const __half *, const __half *, imp::block_q8_1 *, float *, int, T1)"
0.4,77107731,98376,783.8,736.0,575,3040,139.3,CUDA_KERNEL,"imp::elementwise_add_fp16_kernel(__half *, const __half *, long)"
0.4,72354405,32768,2208.1,2112.0,1376,3392,449.6,CUDA_KERNEL,"imp::paged_attention_reduce_kernel(const float *, __half *, int, int, int)"
0.2,42129466,32792,1284.7,1280.0,1152,2496,47.5,CUDA_KERNEL,"imp::write_kv_cache_fused_kernel(const __half *, const __half *, const int *, const int *, __half *, __half *, int, int, int, int, int, int)"
0.1,25739865,4099,6279.5,6272.0,5664,6848,163.9,CUDA_KERNEL,"imp::argmax_partial_kernel(const float *, int, float *, int *)"
0.1,24592918,32792,750.0,736.0,672,3936,64.9,CUDA_KERNEL,"imp::sigmoid_mul_fp16_kernel(const __half *, const __half *, __half *, long)"
0.1,23795226,32792,725.6,736.0,639,2816,64.9,CUDA_KERNEL,"void imp::attn_gate_split_interleaved_kernel<__half>(const T1 *, T1 *, T1 *, int, int, int, int)"
0.1,20451604,513,39866.7,30496.0,960,1881847,85999.9,CUDA_KERNEL,"imp::dequant_q8_0_kernel(const unsigned char *, __half *, int, int)"
0.1,18807018,4099,4588.2,4576.0,4096,6752,156.0,CUDA_KERNEL,"imp::embedding_lookup_q8_0_kernel(const unsigned char *, const int *, __half *, int)"
0.1,11708782,248,47212.8,55071.5,25568,79423,14359.4,CUDA_KERNEL,void cutlass::Kernel2<cutlass_80_tensorop_f16_s16816gemm_relu_f16_128x64_64x3_tn_align8>(T1::Params)
0.0,5410727,4099,1320.0,1312.0,1152,1632,55.9,CUDA_KERNEL,"imp::argmax_reduce_kernel(const float *, const int *, int, int *)"
0.0,5376966,96,56010.1,61088.0,26496,65824,11942.7,CUDA_KERNEL,void cutlass::Kernel2<cutlass_80_tensorop_f16_s16816gemm_relu_f16_64x256_32x4_tn_align8>(T1::Params)
0.0,5059943,104,48653.3,35887.5,3136,98240,23685.1,CUDA_KERNEL,void cutlass::Kernel2<cutlass_80_tensorop_f16_s16816gemm_relu_f16_64x64_32x6_tn_align8>(T1::Params)
0.0,3590836,264,13601.7,13888.0,10559,16512,1655.3,CUDA_KERNEL,"void cutlass::device_kernel<cutlass::gemm::kernel::GemmUniversal<cute::tuple<int, int, int, int>, cutlass::gemm::collective::CollectiveMma<cutlass::gemm::MainloopSm120TmaWarpSpecializedBlockScaled<(int)4, (int)3, cute::tuple<cute::C<(int)1>, cute::C<(int)1>, cute::C<(int)1>>, cutlass::gemm::KernelTmaWarpSpecializedCooperativeBlockScaledSm120<(int)3>>, cute::tuple<cute::C<(int)128>, cute::C<(int)128>, cute::C<(int)128>>, cute::tuple<cutlass::float_e2m1_t, cutlass::float_ue4m3_t>, cute::tuple<cute::tuple<long, cute::C<(int)1>, long>, cute::Layout<cute::tuple<cute::tuple<cute::tuple<cute::C<(int)32>, cute::C<(int)4>>, int>, cute::tuple<cute::tuple<cute::C<(int)16>, cute::C<(int)4>>, int>, cute::tuple<cute::C<(int)1>, int>>, cute::tuple<cute::tuple<cute::tuple<cute::C<(int)16>, cute::C<(int)4>>, int>, cute::tuple<cute::tuple<cute::C<(int)0>, cute::C<(int)1>>, cute::C<(int)512>>, cute::tuple<cute::C<(int)0>, int>>>>, cute::tuple<cutlass::float_e2m1_t, cutlass::float_ue4m3_t>, cute::tuple<cute::tuple<long, cute::C<(int)1>, long>, cute::Layout<cute::tuple<cute::tuple<cute::tuple<cute::C<(int)32>, cute::C<(int)4>>, int>, cute::tuple<cute::tuple<cute::C<(int)16>, cute::C<(int)4>>, int>, cute::tuple<cute::C<(int)1>, int>>, cute::tuple<cute::tuple<cute::tuple<cute::C<(int)16>, cute::C<(int)4>>, int>, cute::tuple<cute::tuple<cute::C<(int)0>, cute::C<(int)1>>, cute::C<(int)512>>, cute::tuple<cute::C<(int)0>, int>>>>, cute::TiledMMA<cute::MMA_Atom<cute::SM120::BLOCKSCALED::SM120_16x8x64_TN_VS<cutlass::float_e2m1_t, cutlass::float_e2m1_t, float, cutlass::float_ue4m3_t, (int)16>>, cute::Layout<cute::tuple<cute::C<(int)4>, cute::C<(int)2>, cute::C<(int)1>>, cute::tuple<cute::C<(int)1>, cute::C<(int)4>, cute::C<(int)0>>>, cute::tuple<cute::C<(int)128>, cute::Layout<cute::tuple<cute::C<(int)8>, cute::C<(int)2>, cute::C<(int)2>>, cute::tuple<cute::C<(int)1>, cute::C<(int)16>, cute::C<(int)8>>>, cute::C<(int)64>>>, cute::tuple<cute::SM90_TMA_LOAD, cute::SM90_TMA_LOAD>, cute::tuple<cute::ComposedLayout<cute::Swizzle<(int)2, (int)4, (int)3>, cute::smem_ptr_flag_bits<(int)4>, cute::Layout<cute::tuple<cute::C<(int)8>, cute::C<(int)128>>, cute::tuple<cute::C<(int)128>, cute::C<(int)1>>>>, cute::Layout<cute::tuple<cute::tuple<cute::tuple<cute::C<(int)32>, cute::C<(int)4>>, cute::C<(int)1>>, cute::tuple<cute::tuple<cute::C<(int)16>, cute::C<(int)4>>, cute::C<(int)1>, cute::C<(int)2>>>, cute::tuple<cute::tuple<cute::tuple<cute::C<(int)16>, cute::C<(int)4>>, cute::C<(int)512>>, cute::tuple<cute::tuple<cute::C<(int)0>, cute::C<(int)1>>, cute::C<(int)4>, cute::C<(int)512>>>>>, cute::tuple<cute::Copy_Atom<cute::SM75_U32x4_LDSM_N, cutlass::integer_subbyte<(int)4, (bool)0>>, cute::Copy_Atom<cute::UniversalCopy<cutlass::float_ue4m3_t, cutlass::float_ue4m3_t>, cutlass::float_ue4m3_t>>, cute::identity, cute::tuple<cute::SM90_TMA_LOAD, cute::SM90_TMA_LOAD>, cute::tuple<cute::ComposedLayout<cute::Swizzle<(int)2, (int)4, (int)3>, cute::smem_ptr_flag_bits<(int)4>, cute::Layout<cute::tuple<cute::C<(int)8>, cute::C<(int)128>>, cute::tuple<cute::C<(int)128>, cute::C<(int)1>>>>, cute::Layout<cute::tuple<cute::tuple<cute::tuple<cute::C<(int)32>, cute::C<(int)4>>, cute::C<(int)1>>, cute::tuple<cute::tuple<cute::C<(int)16>, cute::C<(int)4>>, cute::C<(int)1>, cute::C<(int)2>>>, cute::tuple<cute::tuple<cute::tuple<cute::C<(int)16>, cute::C<(int)4>>, cute::C<(int)512>>, cute::tuple<cute::tuple<cute::C<(int)0>, cute::C<(int)1>>, cute::C<(int)4>, cute::C<(int)512>>>>>, cute::tuple<cute::Copy_Atom<cute::SM75_U32x4_LDSM_N, cutlass::integer_subbyte<(int)4, (bool)0>>, cute::Copy_Atom<cute::UniversalCopy<cutlass::float_ue4m3_t, cutlass::float_ue4m3_t>, cutlass::float_ue4m3_t>>, cute::identity>, cutlass::epilogue::collective::CollectiveEpilogue<cutlass::epilogue::Sm90TmaWarpSpecialized<(int)3, (int)2, (int)4, (bool)1, (bool)0>, cute::tuple<cute::C<(int)128>, cute::C<(int)128>, cute::C<(int)128>>, cute::tuple<cute::C<(int)64>, cute::C<(int)32>>, cutlass::half_t, cute::tuple<long, cute::C<(int)1>, long>, cutlass::half_t, cute::tuple<long, cute::C<(int)1>, long>, cutlass::epilogue::fusion::FusionCallbacks<cutlass::epilogue::Sm120TmaWarpSpecialized<(int)3, (int)2, (int)4, (bool)1, (bool)0>, cutlass::epilogue::fusion::LinearCombination<cutlass::half_t, float, cutlass::half_t, float, (cutlass::FloatRoundStyle)2>, cute::tuple<cute::C<(int)128>, cute::C<(int)128>, cute::C<(int)128>>, cute::tuple<cute::C<(int)64>, cute::C<(int)32>>, >, cute::SM90_TMA_LOAD, cute::ComposedLayout<cute::Swizzle<(int)2, (int)4, (int)3>, cute::smem_ptr_flag_bits<(int)16>, cute::Layout<cute::tuple<cute::C<(int)8>, cute::C<(int)32>>, cute::tuple<cute::C<(int)32>, cute::C<(int)1>>>>, cute::SM75_U32x2_LDSM_N, cute::SM90_TMA_STORE, cute::ComposedLayout<cute::Swizzle<(int)2, (int)4, (int)3>, cute::smem_ptr_flag_bits<(int)16>, cute::Layout<cute::tuple<cute::C<(int)8>, cute::C<(int)32>>, cute::tuple<cute::C<(int)32>, cute::C<(int)1>>>>, cute::SM90_U32x2_STSM_N, cute::Copy_Atom<cute::SM90_U32x2_STSM_N, cutlass::half_t>, void>, void, void>>(T1::Params)"
0.0,3574704,112,31917.0,29216.0,28095,79552,9815.6,CUDA_KERNEL,void cutlass::Kernel2<cutlass_80_tensorop_f16_s16816gemm_relu_f16_64x64_64x6_tn_align8>(T1::Params)
0.0,3525363,443,7957.9,544.0,256,205407,20674.0,MEMORY_OPER,[CUDA memset]
0.0,3261459,4228,771.4,704.0,608,3456,160.5,MEMORY_OPER,[CUDA memcpy Device-to-Host]
0.0,2434775,129,18874.2,10912.0,4864,934107,81378.4,CUDA_KERNEL,"imp::absmax_kernel(const __half *, long, float *)"
0.0,2196628,129,17028.1,10496.0,2848,1006812,87867.6,CUDA_KERNEL,"imp::quantize_nvfp4_from_absmax_kernel(const __half *, unsigned char *, unsigned char *, const float *, float *, long, long)"
0.0,2174584,72,30202.6,30144.0,29504,31520,268.4,CUDA_KERNEL,"imp::ssm_conv1d_prefill_f32_silu_kernel(float *, const __half *, const __half *, const __half *, float *, int, int, int)"
0.0,1340697,24,55862.4,57343.5,2624,110079,43586.6,CUDA_KERNEL,void cutlass::Kernel2<cutlass_80_wmma_tensorop_f16_s161616gemm_f16_32x32_128x2_tn_align8>(T1::Params)
0.0,850267,16,53141.7,50736.0,35456,83775,18356.3,CUDA_KERNEL,void cutlass::Kernel2<cutlass_80_tensorop_f16_s16816gemm_relu_f16_64x64_32x10_tn_align8>(T1::Params)
0.0,796671,129,6175.7,5792.0,1248,142176,12166.1,CUDA_KERNEL,"imp::convert_scales_sfatom_kernel(const unsigned char *, unsigned char *, int, int, int)"
0.0,669951,168,3987.8,5216.0,928,6112,1889.7,CUDA_KERNEL,"void cublasLt::splitKreduce_kernel<(int)32, (int)16, int, __half, __half, float, __half, (bool)0, __half, __half, __half, (bool)1, (bool)0, (bool)0, (bool)0>(cublasLt::cublasSplitKParams<T6>, const T4 *, const T10 *, T9 *, T5 *, const T6 *, const T6 *, const T11 *, const T4 *, T11 *, void *, long, T6 *, int *, T6 *, T6 *, const T6 *, const T6 *, const T6 *, const T6 *, const T6 *)"
0.0,437243,165,2650.0,2464.0,2239,10655,1380.6,CUDA_KERNEL,void cutlass::Kernel2<cutlass_80_wmma_tensorop_s161616gemm_f16_32x32_128x2_tn_align8>(T1::Params)
0.0,380253,264,1440.4,1344.0,1216,1952,209.2,CUDA_KERNEL,"imp::quantize_fp16_nvfp4_cutlass_kernel(const __half *, unsigned char *, unsigned char *, int, int, int)"
0.0,319550,8,39943.8,39712.0,39391,40864,593.4,CUDA_KERNEL,void cutlass::Kernel2<cutlass_80_tensorop_f16_s16816gemm_relu_f16_256x64_32x4_tn_align8>(T1::Params)
0.0,284192,96,2960.3,2976.0,2848,3136,47.1,CUDA_KERNEL,"imp::swiglu_fp16_kernel(const __half *, const __half *, __half *, long)"
0.0,239968,29,8274.8,8224.0,7776,8960,292.9,CUDA_KERNEL,void cutlass::Kernel2<cutlass_80_wmma_tensorop_f16_s161616gemm_f16_32x32_128x1_nn_align8>(T1::Params)
0.0,214750,29,7405.2,7328.0,7200,8832,294.7,CUDA_KERNEL,void cutlass::Kernel2<cutlass_80_wmma_tensorop_s161616gemm_f16_32x32_64x1_tn_align8>(T1::Params)
0.0,186368,168,1109.3,1056.0,992,1312,96.1,CUDA_KERNEL,"void cublasLt::splitKreduce_kernel<(int)32, (int)16, int, float, __half, float, __half, (bool)0, __half, __half, __half, (bool)1, (bool)0, (bool)0, (bool)0>(cublasLt::cublasSplitKParams<T6>, const T4 *, const T10 *, T9 *, T5 *, const T6 *, const T6 *, const T11 *, const T4 *, T11 *, void *, long, T6 *, int *, T6 *, T6 *, const T6 *, const T6 *, const T6 *, const T6 *, const T6 *)"
0.0,116382,24,4849.3,4864.0,4704,4960,51.7,CUDA_KERNEL,"imp::causal_softmax_fp32_to_fp16_kernel(const float *, __half *, int, int, int, bool)"
0.0,65760,24,2740.0,2720.0,2624,2944,64.6,CUDA_KERNEL,"void imp::rope_forward_kernel<__half>(T1 *, T1 *, const int *, int, int, int, int, int, float, float, int, bool, float, float, float, float, const float *)"
0.0,64735,13,4979.6,2496.0,2432,9280,3319.0,CUDA_KERNEL,void cutlass::Kernel2<cutlass_80_wmma_tensorop_s161616gemm_f16_32x32_64x2_tn_align8>(T1::Params)
0.0,51808,5,10361.6,10368.0,10304,10464,65.6,CUDA_KERNEL,void cutlass::Kernel2<cutlass_80_wmma_tensorop_f16_s161616gemm_f16_32x32_128x2_nn_align8>(T1::Params)
0.0,44448,5,8889.6,8800.0,8576,9184,255.4,CUDA_KERNEL,void cutlass::Kernel2<cutlass_80_wmma_tensorop_s161616gemm_f16_32x32_128x1_tn_align8>(T1::Params)
0.0,43584,5,8716.8,8608.0,8576,8960,170.2,CUDA_KERNEL,void cutlass::Kernel2<cutlass_80_wmma_tensorop_f16_s161616gemm_f16_32x32_64x2_nn_align8>(T1::Params)
0.0,42400,5,8480.0,8416.0,8160,8800,246.8,CUDA_KERNEL,void cutlass::Kernel2<cutlass_80_wmma_tensorop_f16_s161616gemm_f16_32x32_32x1_nn_align8>(T1::Params)
0.0,41440,5,8288.0,8064.0,7936,8928,423.3,CUDA_KERNEL,void cutlass::Kernel2<cutlass_80_wmma_tensorop_s161616gemm_f16_32x32_32x1_tn_align8>(T1::Params)
0.0,38816,5,7763.2,7776.0,7616,7936,123.1,CUDA_KERNEL,void cutlass::Kernel2<cutlass_80_wmma_tensorop_f16_s161616gemm_f16_32x32_64x1_nn_align8>(T1::Params)
0.0,36416,16,2276.0,2256.0,2016,2560,225.3,CUDA_KERNEL,void cutlass::Kernel2<cutlass_80_wmma_tensorop_f16_s161616gemm_f16_32x32_128x1_tn_align8>(T1::Params)
0.0,18528,8,2316.0,2304.0,2272,2400,45.1,CUDA_KERNEL,void cutlass::Kernel2<cutlass_80_wmma_tensorop_f16_s161616gemm_f16_16x16_128x1_tn_align8>(T1::Params)
